r.squared,adj.r.squared,sigma,AIC,BIC,p.value,modelo
0.00817736619966522,0.00816113808607688,5002.526437509313,10931663.955484226,10931787.351253271,0,Base (sin Product_Category_1)
