Min,Q1,Mediana,Media,Q3,Max
-15506.987627160343,-1588.9489727138193,409.4708512076392,1.3313287298480118e-13,1973.2737630699035,8210.556143320164
