Age,media,sd,n,se,conf_low,conf_high
0-17,8933.464640444974,5111.11404600277,15102,41.59090194783286,8851.941436361221,9014.987844528727
18-25,9169.663606261289,5034.321997176579,99660,15.94705706553201,9138.40756914702,9200.919643375557
26-35,9252.690632869888,5010.527303002956,219587,10.692521207106049,9231.733560884022,9273.647704855754
36-45,9331.350694917874,5022.923879204661,110013,15.14379049139781,9301.669084404875,9361.032305430872
46-50,9208.625697468327,4967.216367142941,45701,23.235403904762745,9163.08393647555,9254.167458461105
51-55,9534.808030960236,5087.368079602136,38501,25.927291819897423,9483.989875153999,9585.626186766473
55+,9336.280459449405,5011.493995603461,21504,34.17492645784159,9269.295063935433,9403.265854963376
