Gender,media,sd,n,se,conf_low,conf_high
F,8734.565765155476,4767.233289291458,135809,12.936063220950727,8709.21132117373,8759.92020913722
M,9437.526040472265,5092.18620977797,414259,7.9116724756209615,9422.019402055814,9453.032678888716
