City_Category,media,sd,n,se,conf_low,conf_high
A,8911.939216084484,4892.115238023677,147720,12.728494205178857,8886.991621451907,8936.88681071706
B,9151.300562781986,4955.496566383597,231173,10.306676029540302,9131.099743196817,9171.501382367154
C,9719.92099313568,5189.465121048673,171175,12.543029078264558,9695.336934052337,9744.505052219023
