Age,gasto_promedio,n,pct
0-17,8933.464640444974,15102,2.75
18-25,9169.663606261289,99660,18.12
26-35,9252.690632869888,219587,39.92
36-45,9331.350694917874,110013,20
46-50,9208.625697468327,45701,8.31
51-55,9534.808030960236,38501,7
55+,9336.280459449405,21504,3.91
