Gender,gasto_promedio,n,pct
F,8734.565765155476,135809,24.69
M,9437.526040472265,414259,75.31
