City_Category,gasto_promedio,n,pct
A,8911.939216084484,147720,26.85
B,9151.300562781986,231173,42.03
C,9719.92099313568,171175,31.12
