n,media,mediana,sd,min,max,q1,q3,iqr
550068,9263.968712959126,8047,5023.065393820583,12,23961,5823,12054,6231
